title,type,category,description
Wake up at 5 AM every day for a month,daily,lifestyle,"Waking up early gives you extra time to start the day productively, improve focus, and establish a morning routine. It can enhance your mental clarity and increase your energy levels throughout the day."
Meditate for 15 minutes every morning,daily,mental wellness,"Meditation reduces stress, increases mindfulness, and enhances emotional health. This practice helps you develop a calm mind, improve concentration, and gain better self-awareness."
Take a cold shower every day,daily,lifestyle,"Cold showers boost circulation, improve mood, and increase resilience. They also strengthen your immune system and promote mental toughness."
Write a journal entry every day,daily,lifestyle,"Journaling helps you process emotions, clarify thoughts, and track personal growth. It can reduce stress and enhance creativity by giving you a space to explore your inner world."
Go for a 30-minute walk every day,daily,sport,"Walking daily improves cardiovascular health, boosts mood, and encourages creative thinking. It also provides a break from screens and connects you with nature."
Read 20 pages of a book daily,daily,intellectual,"Daily reading expands knowledge, improves focus, and stimulates mental engagement. It also helps in building a consistent habit of learning and personal development."
Avoid social media for a week,daily,lifestyle,"A social media detox reduces anxiety, increases productivity, and improves your overall mental well-being. It helps you reconnect with real-life interactions and focus on the present."
Practice gratitude by writing down three things you're thankful for daily,daily,personal growth,"Practicing gratitude improves mental health, enhances relationships, and fosters a positive outlook on life. It shifts your focus from what’s lacking to appreciating what you have."
Compliment a stranger every day,daily,social,"Giving compliments boosts your confidence, improves social interactions, and spreads positivity. It encourages you to be more observant and appreciative of others."
Cook a new recipe every day for a week,daily,creative,"Trying new recipes enhances culinary skills, fosters creativity, and encourages healthy eating. It also broadens your palate and introduces you to different cultures."
Avoid sugar for a month,goal,lifestyle,"Reducing sugar intake improves energy levels, enhances focus, and promotes better physical health. It also helps in weight management and reduces the risk of chronic diseases."
Learn 5 new words in a different language every day,daily,intellectual,"Expanding your vocabulary in a new language improves cognitive abilities, enhances memory, and opens up new cultural experiences. It also makes learning the language more manageable over time."
Do 50 push-ups every day,daily,sport,"Push-ups build upper body strength, improve posture, and enhance overall fitness. Consistently practicing push-ups can lead to better muscle tone and endurance."
Spend 30 minutes decluttering your space each day for a week,daily,lifestyle,"Decluttering reduces stress, improves focus, and creates a more organized environment. It also enhances productivity and gives you a sense of accomplishment."
"Say ""yes"" to every invitation or opportunity for a week",goal,social,"Saying ""yes"" opens up new experiences, builds confidence, and encourages spontaneity. It helps you break out of your comfort zone and discover new interests."
Do a random act of kindness every day,daily,social,"Acts of kindness improve mood, strengthen social bonds, and increase feelings of happiness. They also create a positive ripple effect in your community."
Spend an hour in nature daily,daily,mental wellness,"Being in nature reduces stress, improves mental clarity, and boosts creativity. It helps you reconnect with the natural world and promotes physical activity."
Practice a new hobby for 30 minutes every day,daily,creative,"Exploring a new hobby enhances creativity, reduces stress, and provides a sense of achievement. It allows you to discover hidden talents and enjoy personal growth."
Eat a vegetarian or vegan diet for a week,daily,lifestyle,"Adopting a plant-based diet improves health, increases energy, and reduces environmental impact. It also introduces you to new foods and cooking methods."
Run a marathon or half-marathon,goal,sport,"Training for and completing a marathon builds physical endurance, mental toughness, and self-discipline. It also provides a tremendous sense of accomplishment."
"Try public speaking, like giving a toast or joining a speech club",goal,social,"Public speaking boosts confidence, improves communication skills, and enhances leadership abilities. It helps you articulate your thoughts clearly and persuasively."
Complete a 30-day fitness challenge,goal,sport,"A focused fitness challenge improves physical health, builds consistency, and enhances mental resilience. It helps you develop a habit of regular exercise."
Learn a new instrument,goal,creative,"Playing an instrument improves cognitive function, enhances creativity, and provides a rewarding creative outlet. It also strengthens discipline and patience."
Take lessons in a language you don't know,goal,intellectual,"Learning a new language improves memory, enhances cultural understanding, and opens up travel opportunities. It also fosters mental agility and communication skills."
Write a short story or poem and share it publicly:,goal,creative,"Creative writing boosts imagination, enhances communication skills, and builds confidence in self-expression. Sharing your work can also inspire others and foster connections."
Volunteer for a cause you're passionate about,goal,social,"Volunteering fosters a sense of purpose, strengthens community ties, and enhances empathy. It provides an opportunity to give back and make a positive impact."
Start a blog or vlog about something that interests you,goal,creative,"Blogging or vlogging improves communication skills, boosts creativity, and allows you to share your passions with others. It can also build a personal brand and connect you with like-minded people."
Enroll in an online course on a challenging subject,goal,intellectual,"Tackling a difficult subject enhances knowledge, improves problem-solving skills, and fosters intellectual growth. It challenges you to expand your academic horizons."
Create a vision board for your future goals,goal,personal growth,"A vision board helps clarify your goals, boosts motivation, and provides a visual reminder of what you want to achieve. It encourages focus and positive thinking."
Learn how to code by completing an online course,goal,intellectual,"Coding improves logical thinking, enhances problem-solving skills, and opens up career opportunities. It’s a valuable skill in today’s tech-driven world."
Take up painting or drawing and create a portfolio of your work,goal,creative,"Engaging in visual arts enhances creativity, reduces stress, and provides a therapeutic outlet. Building a portfolio can also boost confidence and showcase your growth."
Teach a skill you have to someone else,goal,social,"Teaching improves communication skills, reinforces your knowledge, and provides a sense of fulfillment. It also strengthens your understanding of the subject."
Attend a networking event where you don’t know anyone,goal,social,"Networking improves social skills, builds professional connections, and enhances career opportunities. It pushes you out of your comfort zone and into new social circles."
Write a letter to your future self,goal,personal growth,"Writing to your future self encourages reflection, goal-setting, and personal growth. It provides a unique perspective on your current thoughts and aspirations."
Create a personal budget and stick to it for a month,goal,lifestyle,"Budgeting improves financial discipline, increases savings, and enhances your understanding of personal finances. It promotes responsible spending and financial security."
Complete a digital detox for 48 hours,goal,lifestyle,"A digital detox reduces stress, improves focus, and enhances real-life interactions. It gives you a break from screens and helps you reconnect with the physical world."
Start a side project or business idea you've been thinking about,goal,professional,"Launching a side project fosters creativity, enhances problem-solving skills, and provides a sense of accomplishment. It can also open up new career opportunities."
Do a sky dive,goal,adventure,"Skydiving boosts adrenaline, builds courage, and offers a thrilling experience. It helps you conquer fears and creates a lifelong memory."
Climb a mountain or hike a challenging trail,goal,adventure,"Mountain climbing or challenging hikes improve physical fitness, build mental toughness, and offer breathtaking views. It’s a rewarding way to connect with nature."
Participate in a triathlon,goal,sport,"These events challenge your physical limits, build endurance, and enhance teamwork. They provide a sense of achievement and camaraderie."
Try rock climbing or bouldering,goal,adventure,"Rock climbing improves strength, enhances problem-solving skills, and builds confidence. It’s a physically demanding activity that requires focus and determination."
Swim in the ocean or a lake early in the morning,goal,adventure,"Early morning swimming invigorates the body, boosts mood, and connects you with nature. It’s a refreshing way to start the day with a sense of adventure."
Bike a long-distance route you've never tried before,goal,sport,"Long-distance biking improves cardiovascular health, builds endurance, and offers scenic exploration. It challenges your physical stamina and provides a sense of freedom."
"Join a dance class (salsa, tango, hip-hop, etc.)",goal,social,"Dancing improves coordination, boosts confidence, and provides a fun way to exercise. It’s a social activity that enhances creativity and self-expression."
"Try an extreme sport like surfing, snowboarding, or paragliding",goal,adventure,"Extreme sports build physical strength, boost adrenaline, and offer thrilling experiences. They push you to confront fears and embrace challenges."
Hold a plank for 5 minutes,goal,sport,"Planks strengthen your core, improve posture, and enhance overall fitness. A 5-minute plank challenge builds mental resilience and physical endurance."
Complete a polar plunge (jump into freezing water),goal,adventure,"A polar plunge boosts circulation, builds mental toughness, and offers a unique, exhilarating experience. It’s a refreshing way to challenge your limits."
Participate in a mud run,goal,sport,"A mud run combines physical challenges with fun, builds teamwork, and enhances endurance. It’s a playful way to push your physical limits."
Do 100 squats every day for a month,daily,sport,"Squats strengthen your legs, improve overall fitness, and boost lower body endurance. Daily squats build muscle and improve posture."
"Walk 10,000 steps every day for a month",daily,lifestyle,"Walking 10,000 steps daily improves cardiovascular health, boosts mood, and encourages physical activity. It’s an easy way to stay active and fit."
Go on a weekend camping trip without any technology,goal,adventure,"Camping without technology promotes mindfulness, reduces stress, and enhances your connection with nature. It offers a break from digital distractions and fosters self-reliance."
Try stand-up paddleboarding or kayaking,goal,adventure,"Paddleboarding and kayaking improve balance, build upper body strength, and offer a peaceful connection with water. They’re fun ways to explore nature."
Complete a Spartan Race or similar obstacle course,goal,sport,"Obstacle courses build physical strength, enhance teamwork, and push mental limits. They offer a rewarding way to test your endurance and resilience."
Attend a self-defense class,goal,sport,"Self-defense classes build confidence, improve physical fitness, and provide valuable safety skills. They empower you to protect yourself and others."
Go on a solo backpacking trip,goal,adventure,"Solo backpacking fosters independence, enhances problem-solving skills, and offers a deep connection with nature. It’s a journey of self-discovery and resilience."
Try free diving or snorkeling,goal,adventure,"Free diving and snorkeling improve lung capacity, enhance underwater awareness, and offer stunning views of marine life. They’re adventurous ways to explore the ocean."
Host a dinner party for people you don’t know well,goal,social,"Hosting a dinner party improves social skills, fosters new connections, and enhances your hospitality abilities. It’s a fun way to meet new people and share experiences."
Attend a social event alone and meet five new people,goal,social,"Attending events alone builds confidence, improves networking skills, and encourages you to step out of your comfort zone. It helps you expand your social circle."
Start a conversation with a stranger every day for a week,daily,social,"Starting conversations with strangers improves communication skills, builds confidence, and enhances social interactions. It encourages openness and curiosity about others."
Join a club or group centered around something new to you,goal,social,"Joining a new club expands your social network, introduces you to new hobbies, and fosters a sense of community. It’s a great way to learn and grow."
Volunteer at a local charity event,goal,social,"Volunteering strengthens community ties, enhances empathy, and provides a sense of purpose. It’s a rewarding way to give back and make a positive impact."
Organize a community cleanup,goal,social,"Organizing a cleanup fosters environmental awareness, builds community spirit, and improves your local area. It’s a proactive way to make a difference."
Go to a cultural event or festival you've never attended before,goal,social,"Attending cultural events broadens your horizons, enhances cultural understanding, and provides unique experiences. It’s a fun way to explore new traditions."
Participate in a flash mob or similar group activity,goal,social,"Flash mobs build teamwork, enhance creativity, and provide a fun, spontaneous experience. They’re a playful way to engage with others and create memorable moments."
Attend a conference or meetup outside your professional field,goal,professional,"Attending events outside your field expands your knowledge, fosters creativity, and enhances networking opportunities. It encourages interdisciplinary learning."
Reach out to someone you’ve lost touch with,goal,social,"Reconnecting with old friends strengthens relationships, enhances emotional well-being, and fosters a sense of nostalgia. It’s a meaningful way to rekindle connections."
Initiate a difficult conversation you've been avoiding,goal,social,"Facing difficult conversations builds emotional intelligence, strengthens relationships, and fosters personal growth. It encourages honesty and vulnerability."
Create a group challenge and get friends to join,goal,social,"Organizing group challenges fosters camaraderie, enhances teamwork, and builds motivation. It’s a fun way to achieve goals together and strengthen bonds."
Go on a blind date,goal,social,"Blind dates build confidence, improve social skills, and offer a sense of adventure. They push you to be open to new experiences and connections."
Plan and go on a spontaneous road trip,goal,adventure,"A spontaneous road trip fosters adventure, enhances problem-solving skills, and builds memories. It’s a fun way to explore new places and enjoy the journey."
Attend an open mic night and perform,goal,social,"Performing at an open mic boosts confidence, enhances public speaking skills, and provides a creative outlet. It’s a thrilling way to share your talents with others."
Join an improv or acting class,goal,creative,"Improv and acting classes improve communication, boost creativity, and build confidence. They help you think on your feet and embrace spontaneity."
Draw something new every day for a month,daily,creative,"A creative challenge enhances artistic skills, fosters creativity, and builds consistency. It encourages you to explore new techniques and develop your style."
Write a book or start a novel,goal,creative,"Writing a book boosts creativity, improves communication skills, and provides a sense of accomplishment. It’s a rewarding way to share your ideas and stories."
Record a song or podcast episode,goal,creative,"Recording music or a podcast enhances creativity, builds technical skills, and provides a platform for self-expression. It’s a fun way to share your voice with others."
Take a pottery or ceramics class,goal,creative,"Pottery improves hand-eye coordination, enhances creativity, and provides a therapeutic outlet. It’s a tactile way to express yourself and create something tangible."
Start a daily sketchbook,daily,creative,"Keeping a sketchbook improves drawing skills, fosters creativity, and provides a visual diary of your thoughts and ideas. It’s a great way to document your artistic journey."
Create a short film or video project,daily,creative,"Filmmaking enhances creativity, builds technical skills, and allows you to tell a visual story. It’s a collaborative and rewarding way to share your vision with others."
Redecorate a room in your home by yourself,goal,creative,"Redecorating improves design skills, enhances creativity, and provides a sense of accomplishment. It allows you to create a space that reflects your personal style."
Start a garden or grow your own vegetables,goal,lifestyle,"Gardening fosters patience, enhances mindfulness, and provides fresh, homegrown produce. It’s a rewarding way to connect with nature and learn about sustainability."
Design and sew your own clothes,goal,creative,"Sewing improves technical skills, enhances creativity, and provides a unique fashion outlet. It allows you to create personalized, handmade garments."
Build a piece of furniture or craft project,goal,creative,"Woodworking or crafting improves manual skills, fosters creativity, and provides a tangible sense of achievement. It’s a hands-on way to create something useful and beautiful."
Learn to solve a Rubik's Cube,goal,intellectual,"Solving complex puzzles improves cognitive skills, enhances problem-solving abilities, and boosts mental resilience. It’s a fun way to challenge your brain."
Memorize a poem or speech,goal,intellectual,"Memorization improves memory, enhances public speaking skills, and builds mental discipline. It’s a rewarding way to connect with literature and rhetoric."
Read a book from a genre you normally avoid,goal,intellectual,"Exploring different genres broadens your literary horizons, enhances creativity, and challenges your perspectives. It’s a great way to discover new authors and ideas."
Learn a new board game or strategy game,goal,intellectual,"Board games improve strategic thinking, enhance social interactions, and provide intellectual stimulation. They’re a fun way to engage your mind and enjoy time with others."
Take on a 1000-piece puzzle,goal,intellectual,"Completing a large puzzle improves patience, enhances problem-solving skills, and provides a sense of accomplishment. It’s a relaxing way to challenge your mind."
Learn to play chess and compete in a match,goal,intellectual,"Chess improves strategic thinking, enhances problem-solving skills, and builds mental discipline. It’s a timeless game that challenges your intellect and patience."
Watch a documentary on a topic you know nothing about,goal,intellectual,"Documentaries broaden your knowledge, enhance critical thinking, and spark curiosity. They provide an accessible way to learn about new subjects and ideas."
Complete a logic or Sudoku puzzle daily for a month,goal,intellectual,"Logic puzzles and Sudoku improve cognitive skills, enhance problem-solving abilities, and boost mental clarity. They’re a fun way to keep your mind sharp."